StartDate,EndDate,Status,Progress,Duration (in seconds),Finished,RecordedDate,ResponseId,DistributionChannel,UserLanguage,Gender,Educational Qualific,Working experience,Position,ES1,ES2,ES3,SR1,SR2,SR3,ETS1,ETS2,ETS3,SCR1,SCR2,SCR3,MKR1,MKR2,MKR3,SC0
12/11/2023 06:17,12/11/2023 06:18,1,100,62,1,12/11/2023 06:18,R_10Gj9pgVxvEM625,preview,EN,,,,,,,,,,,,,,,,,,,,
12/11/2023 06:46,12/11/2023 06:47,1,100,44,1,12/11/2023 06:47,R_1OUmGpPCGquws42,preview,EN,1,1,2,3,1,1,1,1,1,1,3,2,2,1,3,2,,,,26
18/11/2023 23:03,18/11/2023 23:03,1,100,32,1,18/11/2023 23:03,R_2rZKu8D23zEMzah,preview,EN,,,,,,,,,,,,,,,,,,,,
20/11/2023 02:59,20/11/2023 03:00,0,100,92,1,20/11/2023 03:00,R_9sqjFRNmYOwe4JX,anonymous,EN,1,2,2,3,2,1,2,3,2,2,2,3,2,1,1,1,2,2,2,30
20/11/2023 02:58,20/11/2023 03:00,0,100,173,1,20/11/2023 03:00,R_xEJtaiQx80822mR,anonymous,EN,1,2,3,4,2,2,2,2,2,2,2,2,2,2,2,2,2,2,2,34
20/11/2023 03:00,20/11/2023 03:01,0,100,39,1,20/11/2023 03:01,R_12FtHUgLISFG4j9,anonymous,EN,1,2,3,4,2,2,2,2,1,4,1,1,1,1,1,2,3,2,2,30
20/11/2023 03:01,20/11/2023 03:01,0,100,39,1,20/11/2023 03:01,R_3R8CnDSq7QLBx6e,anonymous,EN,2,3,2,3,2,2,3,2,1,1,2,2,1,2,1,2,3,3,2,31
20/11/2023 03:01,20/11/2023 03:02,0,100,64,1,20/11/2023 03:02,R_2AEiyyssETi4tYj,anonymous,EN,1,2,2,2,2,7,2,2,1,2,3,2,3,3,4,5,4,2,1,43
20/11/2023 03:02,20/11/2023 03:02,0,100,40,1,20/11/2023 03:02,R_22E9VWIq4cgoVsK,anonymous,EN,1,3,2,3,2,2,4,3,2,2,2,1,1,3,1,2,2,2,2,34
20/11/2023 03:01,20/11/2023 03:03,0,100,119,1,20/11/2023 03:03,R_3EF5vC69IAqYt0R,anonymous,EN,1,4,4,5,2,2,2,2,2,2,2,2,2,2,2,2,2,2,2,38
20/11/2023 03:02,20/11/2023 03:03,0,100,43,1,20/11/2023 03:03,R_eqwFyyX5ZUzVzUZ,anonymous,EN,2,4,3,3,2,2,3,2,2,1,1,1,1,2,2,1,2,2,4,32
20/11/2023 03:02,20/11/2023 03:03,0,100,44,1,20/11/2023 03:03,R_r8cyzsTFA6XIs8h,anonymous,EN,2,2,4,1,2,6,1,3,1,4,2,1,6,2,6,3,3,1,5,46
20/11/2023 03:03,20/11/2023 03:04,0,100,63,1,20/11/2023 03:04,R_1f7TIO06I5GV5TK,anonymous,EN,2,4,4,5,2,2,2,2,2,3,3,2,3,1,2,1,1,3,2,40
20/11/2023 03:03,20/11/2023 03:04,0,100,85,1,20/11/2023 03:04,R_2tnbQEWmy9HNqKr,anonymous,EN,1,2,2,4,2,3,2,2,2,2,1,2,2,2,3,2,2,2,2,34
20/11/2023 03:04,20/11/2023 03:05,0,100,42,1,20/11/2023 03:05,R_1NDEY7KOUyzNnZ8,anonymous,EN,1,2,3,4,3,2,2,3,2,2,2,2,3,3,2,2,3,3,5,38
20/11/2023 03:03,20/11/2023 03:05,0,100,100,1,20/11/2023 03:05,R_ePA1VshrOc22TBv,anonymous,EN,3,2,2,3,3,1,2,3,1,5,2,1,3,3,2,2,2,3,6,38
20/11/2023 03:05,20/11/2023 03:06,0,100,64,1,20/11/2023 03:06,R_1lsdKV8h4UJtR4A,anonymous,EN,2,3,3,2,2,2,2,3,3,2,2,2,2,2,2,2,2,2,4,36
20/11/2023 03:06,20/11/2023 03:07,0,100,61,1,20/11/2023 03:07,R_1M5ozwDH0zRxu6d,anonymous,EN,1,2,3,3,2,2,2,2,2,2,2,2,2,1,2,2,2,2,1,32
20/11/2023 03:06,20/11/2023 03:07,0,100,51,1,20/11/2023 03:07,R_1mWoGdD0bcPEkmF,anonymous,EN,2,4,4,4,2,5,3,3,2,3,3,2,4,3,5,4,4,3,3,53
20/11/2023 03:07,20/11/2023 03:08,0,100,55,1,20/11/2023 03:08,R_qw24mc1R6UnwsUh,anonymous,EN,1,2,3,4,2,2,2,1,2,2,2,3,2,1,2,2,2,2,1,33
20/11/2023 03:07,20/11/2023 03:08,0,100,48,1,20/11/2023 03:08,R_1QJVtKLDtnHfTo0,anonymous,EN,2,4,3,4,2,2,3,4,2,2,3,2,2,2,3,3,4,4,4,43
20/11/2023 03:08,20/11/2023 03:09,0,100,63,1,20/11/2023 03:09,R_3DbepbKcRe2da8x,anonymous,EN,2,4,3,4,3,1,3,3,2,3,2,2,1,3,2,2,3,3,2,40
20/11/2023 03:08,20/11/2023 03:09,0,100,66,1,20/11/2023 03:09,R_1LHyPbX8lSBaNBm,anonymous,EN,1,2,2,2,2,2,2,2,3,2,2,3,2,2,1,2,2,2,2,32
20/11/2023 03:09,20/11/2023 03:10,0,100,43,1,20/11/2023 03:10,R_2zLRgRxhoRifC2E,anonymous,EN,1,3,2,3,2,3,2,4,2,2,3,2,2,3,3,2,3,2,2,39
20/11/2023 03:10,20/11/2023 03:10,0,100,41,1,20/11/2023 03:10,R_2TTxRFJjhCDUixo,anonymous,EN,1,4,3,4,3,1,2,3,1,1,2,2,2,2,2,3,3,2,2,36
20/11/2023 03:09,20/11/2023 03:11,0,100,96,1,20/11/2023 03:11,R_ukLPZr0YDatRR05,anonymous,EN,1,4,4,5,2,2,2,2,2,2,2,2,2,1,2,3,1,3,2,38
20/11/2023 03:10,20/11/2023 03:12,0,100,71,1,20/11/2023 03:12,R_1pna11nJgATTvrT,anonymous,EN,2,4,3,4,2,2,3,2,2,2,3,3,2,2,1,2,2,2,2,39
20/11/2023 03:11,20/11/2023 03:12,0,100,77,1,20/11/2023 03:12,R_1ze7ggZBoGfJWIF,anonymous,EN,1,2,3,3,2,2,2,2,3,2,2,2,2,1,2,2,1,2,2,33
20/11/2023 03:12,20/11/2023 03:13,0,100,51,1,20/11/2023 03:13,R_2uqvTwDYUdIKcbx,anonymous,EN,2,2,2,3,2,2,2,2,2,2,2,2,2,2,2,2,3,2,2,33
20/11/2023 03:13,20/11/2023 03:13,0,100,53,1,20/11/2023 03:13,R_9FwuLNwh4OgRBT3,anonymous,EN,2,3,3,4,3,2,3,3,1,2,3,2,3,2,2,2,3,2,3,40
20/11/2023 03:13,20/11/2023 03:14,0,100,40,1,20/11/2023 03:14,R_25X8X8bwidkNrUU,anonymous,EN,2,2,1,1,2,2,2,3,2,2,4,3,3,3,5,4,4,7,3,41
20/11/2023 03:12,20/11/2023 03:14,0,100,102,1,20/11/2023 03:14,R_2bNNoOJqokxbKp8,anonymous,EN,1,2,2,2,2,2,2,2,2,2,2,2,2,1,2,2,2,2,2,30
20/11/2023 03:14,20/11/2023 03:15,0,100,43,1,20/11/2023 03:15,R_2rCMcuHPK5MnYVZ,anonymous,EN,1,3,1,2,4,3,4,2,1,4,3,1,1,2,2,1,2,3,3,35
20/11/2023 03:14,20/11/2023 03:15,0,100,68,1,20/11/2023 03:15,R_plwzNs8IQFzt4SR,anonymous,EN,2,4,3,4,2,2,2,3,4,2,2,2,2,2,2,2,3,2,2,40
20/11/2023 03:14,20/11/2023 03:15,0,100,67,1,20/11/2023 03:15,R_2VaolV8s4ReMY8j,anonymous,EN,1,2,3,3,2,2,2,3,3,2,2,2,2,2,3,2,2,2,2,36
20/11/2023 03:15,20/11/2023 03:15,0,100,44,1,20/11/2023 03:15,R_3ehj8TN6D6cMNey,anonymous,EN,1,2,2,,3,2,2,2,1,1,1,2,2,2,2,2,,6,3,27
20/11/2023 03:15,20/11/2023 03:16,0,100,39,1,20/11/2023 03:16,R_cuMU0fZhMjpy4jT,anonymous,EN,2,2,3,4,3,2,5,3,7,6,4,2,3,4,1,5,4,6,5,56
20/11/2023 03:15,20/11/2023 03:16,0,100,57,1,20/11/2023 03:16,R_2CU23k4XCF60xpz,anonymous,EN,1,2,3,2,2,2,3,1,1,2,2,3,3,2,3,2,2,2,2,34
20/11/2023 03:16,20/11/2023 03:17,0,100,39,1,20/11/2023 03:17,R_2vjGZlBhd70IOs6,anonymous,EN,3,2,2,3,3,2,3,4,1,1,3,1,2,3,2,1,5,5,3,36
20/11/2023 03:15,20/11/2023 03:17,0,100,125,1,20/11/2023 03:17,R_VXbW5YE38jsfWxP,anonymous,EN,2,4,4,5,2,2,2,2,2,2,2,2,2,3,2,2,3,2,3,40
20/11/2023 03:16,20/11/2023 03:17,0,100,58,1,20/11/2023 03:17,R_3kNzB8YHTzGOw35,anonymous,EN,1,2,2,3,2,2,1,2,2,1,2,2,2,2,2,2,1,2,2,30
20/11/2023 03:17,20/11/2023 03:17,0,100,36,1,20/11/2023 03:17,R_sZ5bsKg09oCs1Mt,anonymous,EN,3,3,4,2,2,2,3,4,4,3,2,3,5,3,3,1,4,2,1,47
20/11/2023 03:17,20/11/2023 03:18,0,100,63,1,20/11/2023 03:18,R_sU305I4in40xA2Z,anonymous,EN,2,4,4,5,2,2,1,2,2,1,1,3,2,1,2,2,2,2,1,36
20/11/2023 03:18,20/11/2023 03:18,0,100,41,1,20/11/2023 03:18,R_1DCfUmeyJmM6ysI,anonymous,EN,2,2,2,3,4,2,4,3,1,2,3,6,6,2,2,1,4,3,3,45
20/11/2023 03:17,20/11/2023 03:18,0,100,57,1,20/11/2023 03:18,R_3GD1U0nl9wGRpvt,anonymous,EN,2,2,3,3,2,3,2,2,3,2,2,3,2,2,2,2,2,2,2,37
20/11/2023 03:18,20/11/2023 03:19,0,100,38,1,20/11/2023 03:19,R_4ZN0jtnGGXzpbZ7,anonymous,EN,2,4,4,5,2,2,2,1,2,1,2,1,2,2,1,1,2,3,2,34
20/11/2023 03:18,20/11/2023 03:19,0,100,39,1,20/11/2023 03:19,R_ufczbxRZZ47eHPX,anonymous,EN,2,1,2,4,3,2,2,3,1,2,2,2,5,3,2,1,2,4,2,37
20/11/2023 03:18,20/11/2023 03:19,0,100,50,1,20/11/2023 03:19,R_2bJdxej5lUu8pGd,anonymous,EN,2,3,3,4,2,3,2,3,3,3,2,2,2,2,2,3,2,3,2,41
20/11/2023 03:19,20/11/2023 03:19,0,100,40,1,20/11/2023 03:19,R_2rMYps8LOkQPg7K,anonymous,EN,1,2,2,3,2,2,3,2,2,2,2,1,1,2,1,1,3,2,2,29
20/11/2023 03:19,20/11/2023 03:20,0,100,37,1,20/11/2023 03:20,R_2QYulX2lV4xa06u,anonymous,EN,1,2,1,1,1,1,1,1,1,1,1,1,1,1,1,1,1,1,1,17
20/11/2023 03:19,20/11/2023 03:20,0,100,60,1,20/11/2023 03:20,R_2xzKTGuOeAeneag,anonymous,EN,2,3,3,4,1,2,2,4,3,3,2,2,3,2,2,3,2,3,2,41
20/11/2023 03:20,20/11/2023 03:20,0,100,39,1,20/11/2023 03:20,R_1PXIEuCm7H03oQo,anonymous,EN,2,2,2,1,2,1,2,2,4,1,3,2,1,2,2,1,3,3,3,30
20/11/2023 03:20,20/11/2023 03:20,0,100,46,1,20/11/2023 03:20,R_2RRhAHIMrjvLqaE,anonymous,EN,1,3,2,2,2,1,3,2,2,2,2,3,2,2,2,2,2,2,3,33
20/11/2023 03:21,20/11/2023 03:21,0,100,44,1,20/11/2023 03:21,R_1itGhiGgLfqf5yx,anonymous,EN,2,2,2,3,2,3,2,2,2,2,3,3,1,2,3,2,2,2,4,36
20/11/2023 03:20,20/11/2023 03:21,0,100,58,1,20/11/2023 03:21,R_1LveLafAbXT6cK1,anonymous,EN,1,2,3,3,2,2,2,2,2,2,1,2,2,2,3,2,2,2,1,33
20/11/2023 03:21,20/11/2023 03:22,0,100,68,1,20/11/2023 03:22,R_2YRq0WCZT8QDFsE,anonymous,EN,2,1,1,2,3,1,3,3,1,2,2,1,1,2,1,1,3,2,3,27
20/11/2023 03:21,20/11/2023 03:22,0,100,44,1,20/11/2023 03:22,R_2TBubUcL6FoVpM7,anonymous,EN,2,4,4,4,2,2,3,3,2,3,2,1,2,2,2,2,3,1,1,40
20/11/2023 03:22,20/11/2023 03:22,0,100,52,1,20/11/2023 03:22,R_8BzEeTDOOhO8ImZ,anonymous,EN,1,2,2,2,2,3,1,2,2,2,2,2,2,1,2,2,2,2,2,30
20/11/2023 03:22,20/11/2023 03:23,0,100,54,1,20/11/2023 03:23,R_20Pc8lB5jUnsoWZ,anonymous,EN,2,2,1,2,2,2,3,1,5,6,1,5,2,2,1,4,3,2,1,41
20/11/2023 03:22,20/11/2023 03:23,0,100,47,1,20/11/2023 03:23,R_2Yu37bKg1CjElEu,anonymous,EN,1,4,3,4,2,2,3,3,1,2,3,2,2,3,3,1,3,3,2,39
20/11/2023 03:22,20/11/2023 03:23,0,100,54,1,20/11/2023 03:23,R_3ISGB211p7kr5FD,anonymous,EN,1,2,2,3,2,2,2,2,2,2,1,2,2,2,2,2,1,2,2,31
20/11/2023 03:23,20/11/2023 03:24,0,100,54,1,20/11/2023 03:24,R_3ELtKwfKY0TXUw8,anonymous,EN,2,2,1,1,2,1,2,4,2,1,2,4,5,2,1,1,2,2,2,33
20/11/2023 03:23,20/11/2023 03:24,0,100,55,1,20/11/2023 03:24,R_1eWAHUYEfG70GKo,anonymous,EN,2,4,2,3,2,2,2,3,2,3,2,2,2,3,2,2,2,1,2,38
20/11/2023 03:23,20/11/2023 03:25,0,100,72,1,20/11/2023 03:25,R_OxPTu76Ar8ut1Ad,anonymous,EN,1,2,3,5,2,3,3,2,2,2,1,2,2,1,4,3,2,1,2,38
20/11/2023 03:24,20/11/2023 03:25,0,100,72,1,20/11/2023 03:25,R_1FhQQDjdfqU3O2o,anonymous,EN,2,1,1,1,1,1,2,2,2,1,2,2,2,2,2,1,3,3,2,25
20/11/2023 03:25,20/11/2023 03:26,0,100,43,1,20/11/2023 03:26,R_xauaRWx4LiDr8yd,anonymous,EN,2,4,3,4,2,2,2,3,3,2,1,1,2,2,2,1,2,1,2,36
20/11/2023 03:25,20/11/2023 03:26,0,100,55,1,20/11/2023 03:26,R_UW2Ljl6JgF4nuxz,anonymous,EN,2,3,3,4,1,3,1,2,2,2,1,2,2,2,2,2,2,3,3,34
20/11/2023 03:25,20/11/2023 03:26,0,100,58,1,20/11/2023 03:26,R_32JW5k6fVHNy3Lv,anonymous,EN,1,1,1,2,1,5,1,1,1,1,2,2,1,2,2,1,3,2,2,25
20/11/2023 03:26,20/11/2023 03:27,0,100,61,1,20/11/2023 03:27,R_2xXjGPEi9tOmqn4,anonymous,EN,2,2,2,3,2,1,2,2,3,2,2,2,1,1,1,2,1,2,2,30
20/11/2023 03:26,20/11/2023 03:27,0,100,76,1,20/11/2023 03:27,R_doit1iCjOPSgGKR,anonymous,EN,1,4,4,5,2,2,2,3,1,2,2,3,1,2,1,1,3,2,2,36
20/11/2023 03:26,20/11/2023 03:27,0,100,64,1,20/11/2023 03:27,R_1f2R3Ber0Uly9d4,anonymous,EN,2,3,3,2,2,1,1,2,1,2,2,1,1,3,3,3,3,,5,32
20/11/2023 03:27,20/11/2023 03:28,0,100,52,1,20/11/2023 03:28,R_xuxcFX2kUR2Vkit,anonymous,EN,1,2,3,3,4,4,2,3,2,3,3,3,4,2,2,3,3,2,2,44
20/11/2023 03:27,20/11/2023 03:28,0,100,65,1,20/11/2023 03:28,R_3FUV34LIBAl7ZfZ,anonymous,EN,1,1,2,4,2,2,1,2,3,2,1,2,1,1,2,2,2,2,2,29
20/11/2023 03:27,20/11/2023 03:28,0,100,70,1,20/11/2023 03:28,R_2zUd8R8f3kj8JUP,anonymous,EN,3,3,3,3,3,2,3,3,3,1,2,1,2,2,3,3,2,5,4,40
20/11/2023 03:28,20/11/2023 03:29,0,100,46,1,20/11/2023 03:29,R_3G2MLyk5r3XvIwD,anonymous,EN,2,2,3,4,3,3,4,3,2,3,3,4,3,3,2,3,3,2,3,47
20/11/2023 03:28,20/11/2023 03:29,0,100,57,1,20/11/2023 03:29,R_1OwqikTBVPUEzEx,anonymous,EN,1,1,1,2,2,1,2,2,2,1,1,1,1,1,1,5,2,2,3,25
20/11/2023 03:28,20/11/2023 03:30,0,100,99,1,20/11/2023 03:30,R_1cV5A1W9Y2YNapu,anonymous,EN,1,3,3,4,2,2,1,1,2,2,2,3,2,2,2,2,1,2,2,34
20/11/2023 03:29,20/11/2023 03:30,0,100,56,1,20/11/2023 03:30,R_3p2Yz1LjN6UmPfX,anonymous,EN,1,2,3,4,2,2,3,3,3,3,2,3,3,3,3,3,3,3,3,43
20/11/2023 03:29,20/11/2023 03:30,0,100,37,1,20/11/2023 03:30,R_3HAiLaGgtQXlyA6,anonymous,EN,2,2,2,1,2,1,2,3,2,6,2,3,2,2,1,1,2,,1,34
20/11/2023 03:30,20/11/2023 03:31,0,100,61,1,20/11/2023 03:31,R_3jYVImb10Ik5sFR,anonymous,EN,1,3,4,4,2,3,1,1,1,2,2,2,2,2,2,2,2,2,1,34
20/11/2023 03:30,20/11/2023 03:31,0,100,42,1,20/11/2023 03:31,R_6DNT6miAMdmLGmZ,anonymous,EN,2,1,1,1,1,1,1,1,1,1,1,1,1,2,1,2,4,3,4,19
20/11/2023 03:31,20/11/2023 03:32,0,100,66,1,20/11/2023 03:32,R_3MKfCyJQ5Bl9a50,anonymous,EN,3,2,3,4,3,3,3,3,2,3,2,2,3,3,2,3,2,2,3,44
20/11/2023 03:31,20/11/2023 03:32,0,100,55,1,20/11/2023 03:32,R_3ekJ1phix3s0sTn,anonymous,EN,1,3,3,4,2,2,3,3,2,2,2,3,2,1,1,2,2,2,2,36
20/11/2023 03:31,20/11/2023 03:32,0,100,37,1,20/11/2023 03:32,R_qCmfkNG0EWfvQZP,anonymous,EN,2,2,4,2,2,2,2,3,2,1,2,1,1,2,3,3,4,1,1,34
20/11/2023 03:32,20/11/2023 03:33,0,100,50,1,20/11/2023 03:33,R_3Ehjl0FsEmAlUEh,anonymous,EN,1,2,3,4,3,3,2,3,2,3,2,3,4,3,2,1,2,2,2,41
20/11/2023 03:32,20/11/2023 03:33,0,100,52,1,20/11/2023 03:33,R_3n2Up75aCo9CfK0,anonymous,EN,1,2,3,4,2,2,2,3,2,2,1,2,1,2,2,2,2,2,2,33
20/11/2023 03:32,20/11/2023 03:33,0,100,58,1,20/11/2023 03:33,R_1QE00nLoljURgr8,anonymous,EN,1,1,1,1,1,2,2,3,2,2,3,1,2,2,1,3,3,3,3,28
20/11/2023 03:33,20/11/2023 03:34,0,100,49,1,20/11/2023 03:34,R_28FFDjzjX52QMOX,anonymous,EN,1,2,3,3,2,2,2,1,1,2,1,2,3,1,2,2,2,2,2,30
20/11/2023 03:33,20/11/2023 03:34,0,100,68,1,20/11/2023 03:34,R_21oLwjwRqA5r1Se,anonymous,EN,1,4,3,4,2,2,2,2,2,3,2,2,3,3,2,2,3,3,3,39
20/11/2023 03:33,20/11/2023 03:34,0,100,67,1,20/11/2023 03:34,R_1EbRoMDPVoH2Mba,anonymous,EN,1,2,2,1,2,1,3,2,1,2,3,1,3,3,4,5,4,3,1,36
20/11/2023 03:34,20/11/2023 03:35,0,100,38,1,20/11/2023 03:35,R_1hSWMHjEMQvQcKs,anonymous,EN,2,3,2,2,3,2,3,3,2,3,2,2,3,2,2,2,3,3,2,38
20/11/2023 03:34,20/11/2023 03:35,0,100,41,1,20/11/2023 03:35,R_3MLjBVI47SJ4agR,anonymous,EN,1,2,2,3,2,1,3,4,2,2,3,2,1,2,3,4,2,4,,37
20/11/2023 03:34,20/11/2023 03:35,0,100,71,1,20/11/2023 03:35,R_2dXEGvEQ2oc6gRO,anonymous,EN,1,2,2,3,2,2,2,2,2,2,1,2,3,2,2,2,2,2,2,32
20/11/2023 03:35,20/11/2023 03:36,0,100,40,1,20/11/2023 03:36,R_1eODlu2lE3lm1Ny,anonymous,EN,2,3,2,3,1,1,2,2,5,,2,3,,3,4,,3,5,,33
20/11/2023 03:36,20/11/2023 03:37,0,100,39,1,20/11/2023 03:37,R_YSqJuz1RjFpLjkB,anonymous,EN,3,3,3,3,2,1,3,3,2,5,2,2,5,3,2,2,4,6,5,44
20/11/2023 03:35,20/11/2023 03:37,0,100,117,1,20/11/2023 03:37,R_SHL4nZE4VNZnq3D,anonymous,EN,2,2,4,4,3,2,2,3,2,2,2,2,3,2,3,2,3,2,3,40
20/11/2023 03:35,20/11/2023 03:37,0,100,109,1,20/11/2023 03:37,R_ymaOUaDB887XYTD,anonymous,EN,1,2,3,4,2,2,1,2,2,1,2,2,2,2,2,2,2,2,3,32
20/11/2023 03:37,20/11/2023 03:37,0,100,49,1,20/11/2023 03:37,R_6SuFyWYwqs1A1Y5,anonymous,EN,1,3,2,2,3,2,2,1,2,6,2,2,1,1,1,1,1,5,4,32
20/11/2023 03:37,20/11/2023 03:38,0,100,51,1,20/11/2023 03:38,R_2721SbiZYbb7lsN,anonymous,EN,3,4,4,5,3,2,3,3,2,3,3,3,1,3,2,3,3,2,3,47
20/11/2023 03:37,20/11/2023 03:38,0,100,55,1,20/11/2023 03:38,R_2DNbG7r2mQT0x1L,anonymous,EN,3,2,1,2,1,1,2,1,1,1,1,1,1,2,2,1,5,4,6,23
20/11/2023 03:38,20/11/2023 03:39,0,100,44,1,20/11/2023 03:39,R_0HbNVxat1TsGZWN,anonymous,EN,2,3,3,3,3,3,2,3,3,3,2,2,3,3,4,4,3,4,2,46
20/11/2023 03:39,20/11/2023 03:39,0,100,37,1,20/11/2023 03:39,R_3MyTpplnPiBaxys,anonymous,EN,2,2,2,2,3,2,2,1,2,2,1,2,2,2,2,1,3,3,2,30
20/11/2023 03:37,20/11/2023 03:39,0,100,135,1,20/11/2023 03:39,R_3gSfevsDoMiG584,anonymous,EN,1,3,3,4,2,2,2,2,2,2,2,2,3,2,2,2,2,2,2,36
20/11/2023 03:39,20/11/2023 03:40,0,100,46,1,20/11/2023 03:40,R_eUIPSP5snRPlKJX,anonymous,EN,2,2,3,4,3,3,3,3,3,2,2,3,3,2,3,3,3,3,2,44
20/11/2023 03:39,20/11/2023 03:40,0,100,36,1,20/11/2023 03:40,R_r8CIIKfM9uOeEjn,anonymous,EN,2,1,3,3,2,1,2,2,1,1,2,2,2,3,1,2,4,3,2,30
20/11/2023 03:40,20/11/2023 03:41,0,100,40,1,20/11/2023 03:41,R_1f44Ocxj1M7wuQN,anonymous,EN,2,3,3,3,3,2,1,1,1,2,2,2,2,2,3,2,3,2,3,34
20/11/2023 03:40,20/11/2023 03:41,0,100,38,1,20/11/2023 03:41,R_3rTWwGoY4OxjQBV,anonymous,EN,3,2,2,3,2,2,3,3,1,1,3,1,1,4,3,2,5,3,1,36
20/11/2023 03:39,20/11/2023 03:41,0,100,95,1,20/11/2023 03:41,R_2ZNR77CrPWDHUPU,anonymous,EN,1,2,4,4,2,2,2,3,3,2,2,2,2,1,2,2,1,2,2,36
20/11/2023 03:41,20/11/2023 03:41,0,100,41,1,20/11/2023 03:41,R_3qmWHk5EHI4Ls0a,anonymous,EN,2,4,2,2,2,1,3,2,2,2,2,1,2,1,1,3,3,5,4,32
20/11/2023 03:41,20/11/2023 03:42,0,100,57,1,20/11/2023 03:42,R_vIg56de1qOoUjId,anonymous,EN,1,3,3,4,3,2,2,2,2,4,1,2,2,2,2,1,2,3,1,36
20/11/2023 03:42,20/11/2023 03:42,0,100,35,1,20/11/2023 03:42,R_dpxB9weReEfwxoZ,anonymous,EN,3,3,3,3,2,1,2,3,2,1,3,1,5,3,2,2,5,4,3,39
20/11/2023 03:41,20/11/2023 03:42,0,100,69,1,20/11/2023 03:42,R_3jZkRPVmQQmXhvL,anonymous,EN,2,3,2,3,3,2,3,3,2,2,2,3,1,2,1,3,4,2,3,37
20/11/2023 03:42,20/11/2023 03:43,0,100,43,1,20/11/2023 03:43,R_a8ED0M1T5ZOoyuR,anonymous,EN,3,3,2,2,4,2,3,3,2,1,3,1,3,3,4,5,4,5,3,44
20/11/2023 03:42,20/11/2023 03:43,0,100,75,1,20/11/2023 03:43,R_2Y9A9P21iaGd1v4,anonymous,EN,1,3,3,4,2,3,2,1,1,2,1,1,2,2,2,2,2,3,2,32
20/11/2023 03:43,20/11/2023 03:44,0,100,64,1,20/11/2023 03:44,R_110jzEDIlUpsHbH,anonymous,EN,2,2,3,4,2,4,3,3,2,2,2,3,2,2,4,2,2,3,2,42
20/11/2023 03:43,20/11/2023 03:44,0,100,39,1,20/11/2023 03:44,R_1LoqzOv18nFI2qA,anonymous,EN,1,2,1,2,2,1,2,1,1,1,2,1,2,2,2,2,3,2,1,25
20/11/2023 03:44,20/11/2023 03:44,0,100,37,1,20/11/2023 03:44,R_0vSrmjHiuRlUm2Z,anonymous,EN,2,2,2,1,1,1,3,2,1,2,2,1,1,2,1,2,2,3,2,26
20/11/2023 03:43,20/11/2023 03:45,0,100,64,1,20/11/2023 03:45,R_1hRv4zcyjx10CPh,anonymous,EN,1,3,3,4,1,2,2,1,2,2,2,3,3,2,2,2,2,3,2,35
20/11/2023 03:44,20/11/2023 03:45,0,100,58,1,20/11/2023 03:45,R_3qVukghDqihQRMM,anonymous,EN,1,3,2,2,2,3,2,3,3,2,2,3,3,2,3,2,2,3,1,38
20/11/2023 03:45,20/11/2023 03:45,0,100,39,1,20/11/2023 03:45,R_2ZIUZpI7Gur7ApI,anonymous,EN,1,2,3,4,3,2,2,3,2,2,2,2,3,3,4,4,2,3,3,42
20/11/2023 03:45,20/11/2023 03:46,0,100,66,1,20/11/2023 03:46,R_2e4k7r9y0QSKaci,anonymous,EN,1,3,4,4,1,2,1,2,2,1,2,2,2,1,2,2,2,2,3,32
20/11/2023 03:45,20/11/2023 03:47,0,100,74,1,20/11/2023 03:47,R_3fRr26w1MKmd5rH,anonymous,EN,1,3,3,4,2,3,3,2,3,4,2,3,3,4,3,3,2,6,5,46
20/11/2023 03:44,20/11/2023 03:47,0,100,135,1,20/11/2023 03:47,R_1cTyBSK55MoubRU,anonymous,EN,2,1,1,3,2,1,3,2,1,2,2,3,2,3,2,5,5,2,1,35
20/11/2023 03:46,20/11/2023 03:47,0,100,59,1,20/11/2023 03:47,R_2CvQlKnT9MFuaZz,anonymous,EN,1,4,4,4,1,2,2,2,2,2,2,2,2,2,2,2,2,2,3,36
20/11/2023 03:47,20/11/2023 03:47,0,100,48,1,20/11/2023 03:47,R_2cdfPtQRmWbvhOB,anonymous,EN,2,2,3,3,3,3,3,2,2,3,3,5,4,2,4,3,2,2,2,47
20/11/2023 03:47,20/11/2023 03:48,0,100,49,1,20/11/2023 03:48,R_268ElgzlpYqnUZD,anonymous,EN,1,1,1,2,3,6,3,3,1,2,2,1,2,3,3,1,4,1,1,35
20/11/2023 03:47,20/11/2023 03:48,0,100,68,1,20/11/2023 03:48,R_2R4erDRbSbiGkE9,anonymous,EN,2,4,4,4,2,3,2,1,3,3,1,2,2,2,2,2,2,2,2,39
20/11/2023 03:48,20/11/2023 03:48,0,100,52,1,20/11/2023 03:48,R_yR55tDOxAgTX9dv,anonymous,EN,2,2,1,1,2,1,2,2,1,1,2,2,2,2,1,3,2,2,7,27
20/11/2023 03:48,20/11/2023 03:49,0,100,60,1,20/11/2023 03:49,R_vUik8kMx6lVqDYZ,anonymous,EN,2,2,2,3,2,3,3,3,2,3,3,2,3,2,3,3,3,3,2,41
20/11/2023 03:49,20/11/2023 03:50,0,100,42,1,20/11/2023 03:50,R_UXioDFdHtKe4DFT,anonymous,EN,2,2,2,3,3,2,3,4,1,2,3,2,2,2,2,3,2,3,3,38
20/11/2023 03:48,20/11/2023 03:50,0,100,102,1,20/11/2023 03:50,R_2TSLDSdHU4PwPxs,anonymous,EN,1,2,3,3,2,2,2,2,3,1,1,2,2,2,3,3,2,2,2,34
20/11/2023 03:48,20/11/2023 03:51,0,100,120,1,20/11/2023 03:51,R_2sU2cjpbXk7ElRt,anonymous,EN,2,1,1,1,1,1,2,2,1,2,2,1,2,3,1,4,2,4,4,27
20/11/2023 03:50,20/11/2023 03:51,0,100,38,1,20/11/2023 03:51,R_BS3hhIrSErMQxwZ,anonymous,EN,1,4,3,5,3,2,3,3,2,3,2,3,2,3,2,3,3,3,2,44
20/11/2023 03:50,20/11/2023 03:51,0,100,79,1,20/11/2023 03:51,R_22trAle9uMkvOsS,anonymous,EN,1,2,4,5,2,3,1,1,1,2,1,2,2,2,2,2,1,2,2,33
20/11/2023 03:51,20/11/2023 03:51,0,100,40,1,20/11/2023 03:51,R_UF5e3vxO92Edkpb,anonymous,EN,1,1,3,2,1,2,1,2,5,4,1,1,4,2,1,1,2,1,4,32
20/11/2023 03:51,20/11/2023 03:52,0,100,77,1,20/11/2023 03:52,R_yDuaoTuRy49mrYJ,anonymous,EN,2,3,3,4,3,2,4,2,2,2,3,2,2,3,3,3,3,3,3,43
20/11/2023 03:51,20/11/2023 03:52,0,100,39,1,20/11/2023 03:52,R_3oGQBPiIDnECkNj,anonymous,EN,1,2,2,3,1,1,2,1,1,1,1,4,3,3,5,7,3,2,3,38
20/11/2023 03:51,20/11/2023 03:53,0,100,87,1,20/11/2023 03:53,R_2uTD1L4StBa7kFP,anonymous,EN,1,3,4,4,2,4,1,2,2,2,1,1,2,2,2,3,2,3,2,36
20/11/2023 03:52,20/11/2023 03:53,0,100,57,1,20/11/2023 03:53,R_XiB6lrSi39R7NRL,anonymous,EN,3,2,1,2,2,1,2,3,1,1,4,1,3,3,2,1,5,7,5,32
20/11/2023 03:52,20/11/2023 03:53,0,100,74,1,20/11/2023 03:53,R_1r2GzqJPbD5qeMZ,anonymous,EN,1,3,2,2,3,2,3,2,1,1,3,2,2,3,2,3,4,2,3,35
20/11/2023 03:53,20/11/2023 03:54,0,100,53,1,20/11/2023 03:54,R_1fcMJmMKdkhVpY9,anonymous,EN,2,4,4,2,1,1,2,2,1,1,2,6,4,3,1,2,3,3,2,38
20/11/2023 03:53,20/11/2023 03:54,0,100,60,1,20/11/2023 03:54,R_bl0QDVcVpEdCW0V,anonymous,EN,1,2,4,,2,2,2,1,1,2,2,2,3,2,2,2,2,2,2,30
20/11/2023 03:53,20/11/2023 03:54,0,100,54,1,20/11/2023 03:54,R_2wQDqQ3lbuT1m3Z,anonymous,EN,2,2,3,3,2,3,3,3,2,2,3,3,3,2,2,3,4,2,1,41
20/11/2023 03:54,20/11/2023 03:55,0,100,39,1,20/11/2023 03:55,R_2BfBfpmp9kKVtNX,anonymous,EN,1,1,,1,1,2,2,2,2,1,2,1,1,2,2,1,4,3,1,22
20/11/2023 03:54,20/11/2023 03:55,0,100,42,1,20/11/2023 03:55,R_1nPC2cpLLvlFHnC,anonymous,EN,2,2,2,3,2,3,3,2,3,2,2,3,3,3,3,2,3,5,5,40
20/11/2023 03:54,20/11/2023 03:55,0,100,52,1,20/11/2023 03:55,R_1r9oXuY8JIcLTKv,anonymous,EN,1,2,3,3,2,2,2,2,2,3,2,2,2,2,3,2,2,2,2,35
20/11/2023 03:55,20/11/2023 03:56,0,100,64,1,20/11/2023 03:56,R_1mxxikcKN2sxDsY,anonymous,EN,2,1,1,1,2,2,3,3,2,2,3,1,3,3,3,2,2,3,2,34
20/11/2023 03:55,20/11/2023 03:56,0,100,63,1,20/11/2023 03:56,R_1dLDOX2EhgdzVpb,anonymous,EN,2,3,4,5,2,2,2,2,2,3,2,2,2,2,1,2,2,3,3,38
20/11/2023 03:56,20/11/2023 03:57,0,100,50,1,20/11/2023 03:57,R_O431popsIDOAipb,anonymous,EN,2,2,3,4,4,2,3,2,3,4,3,2,3,4,2,3,3,3,3,46
20/11/2023 03:56,20/11/2023 03:57,0,100,70,1,20/11/2023 03:57,R_3EpaMnkJi6XA6yI,anonymous,EN,1,2,3,4,2,1,2,2,2,3,1,1,1,1,2,2,2,2,2,30
20/11/2023 03:58,20/11/2023 03:58,0,100,38,1,20/11/2023 03:58,R_2Vw3OWOhBNHvp3k,anonymous,EN,1,2,1,2,2,2,3,3,3,2,2,2,3,3,3,2,4,2,3,36
20/11/2023 03:57,20/11/2023 03:59,0,100,67,1,20/11/2023 03:59,R_3h4rHNczCTJIq9h,anonymous,EN,1,3,3,4,1,2,2,2,2,1,2,2,2,2,2,2,2,3,2,33
20/11/2023 03:58,20/11/2023 03:59,0,100,47,1,20/11/2023 03:59,R_R4SAICaFcOWTlJv,anonymous,EN,4,4,3,3,2,3,2,4,2,2,3,3,3,3,2,2,3,2,1,45
20/11/2023 03:59,20/11/2023 03:59,0,100,51,1,20/11/2023 03:59,R_1IiuHLHiJxHaXNe,anonymous,EN,1,2,4,4,1,2,2,1,2,2,2,2,3,2,2,2,5,2,3,34
20/11/2023 03:59,20/11/2023 04:00,0,100,42,1,20/11/2023 04:00,R_r8rK5xXgIiv1TZT,anonymous,EN,2,4,4,5,3,3,3,2,2,2,3,3,3,3,2,2,3,3,2,46
20/11/2023 03:55,20/11/2023 04:00,0,100,317,1,20/11/2023 04:00,R_3Dwn5DFrXNFDXAI,anonymous,EN,2,2,2,3,3,2,3,3,2,2,3,1,3,2,2,2,4,3,5,37
20/11/2023 03:59,20/11/2023 04:01,0,100,65,1,20/11/2023 04:01,R_30dzawyEsalotrj,anonymous,EN,2,1,1,1,6,5,7,6,4,5,6,6,7,6,6,7,6,5,6,76
20/11/2023 04:00,20/11/2023 04:01,0,100,57,1,20/11/2023 04:01,R_1gvH6L2xgsqUixq,anonymous,EN,2,2,2,3,2,3,3,3,3,2,2,3,3,3,2,1,3,3,1,39
20/11/2023 04:01,20/11/2023 04:02,0,100,61,1,20/11/2023 04:02,R_xbCNlH43tzIJqmd,anonymous,EN,1,2,2,3,2,2,2,3,3,2,2,1,1,1,2,2,2,2,3,31
20/11/2023 04:01,20/11/2023 04:02,0,100,61,1,20/11/2023 04:02,R_yDgnVkWFtlRlcLD,anonymous,EN,1,2,2,3,2,4,3,3,2,2,2,2,3,3,4,3,3,2,2,41
20/11/2023 04:02,20/11/2023 04:03,0,100,53,1,20/11/2023 04:03,R_3j9k1NsNjR0RBhG,anonymous,EN,2,4,4,5,2,1,1,2,2,2,1,1,2,2,2,2,2,2,2,35
20/11/2023 04:00,20/11/2023 04:03,0,100,175,1,20/11/2023 04:03,R_2YS7ReEDbiooAnb,anonymous,EN,2,2,2,3,2,1,3,5,6,4,2,1,2,4,1,1,3,2,4,41
20/11/2023 04:02,20/11/2023 04:03,0,100,47,1,20/11/2023 04:03,R_3dWIbPY8DIsWpr0,anonymous,EN,1,2,3,4,2,2,2,4,3,2,3,3,2,2,3,2,3,2,3,40
20/11/2023 04:03,20/11/2023 04:04,0,100,53,1,20/11/2023 04:04,R_VJE6G6d299cwfTj,anonymous,EN,2,3,4,4,1,2,2,3,2,2,2,2,2,2,2,2,2,3,2,37
20/11/2023 04:04,20/11/2023 04:05,0,100,59,1,20/11/2023 04:05,R_1DMeHEcaZ2xZC0c,anonymous,EN,2,2,2,3,1,2,2,2,2,3,2,2,2,2,2,3,2,2,3,34
20/11/2023 04:04,20/11/2023 04:05,0,100,43,1,20/11/2023 04:05,R_3FLO3yICkjoIdKE,anonymous,EN,1,2,3,4,2,3,2,2,2,3,2,3,3,3,2,3,3,2,3,40
20/11/2023 04:05,20/11/2023 04:05,0,100,40,1,20/11/2023 04:05,R_2pJDryXptMT106f,anonymous,EN,4,2,3,4,2,2,3,3,3,2,2,2,3,2,2,3,5,3,2,42
20/11/2023 04:03,20/11/2023 04:06,0,100,140,1,20/11/2023 04:06,R_2uJ3VYDY5QxPW2n,anonymous,EN,2,2,2,2,5,2,2,2,2,1,2,1,3,2,1,1,3,2,2,32
20/11/2023 04:05,20/11/2023 04:06,0,100,62,1,20/11/2023 04:06,R_1IAiezoeRM4lYmI,anonymous,EN,1,2,3,4,2,2,2,1,2,2,1,2,3,2,1,2,2,2,3,32
20/11/2023 04:05,20/11/2023 04:06,0,100,38,1,20/11/2023 04:06,R_2cennT5iTKeptRU,anonymous,EN,2,2,2,3,3,2,2,3,2,2,2,2,3,2,3,3,3,3,2,38
20/11/2023 04:06,20/11/2023 04:07,0,100,54,1,20/11/2023 04:07,R_VKLCaAwwP7677m9,anonymous,EN,1,2,3,5,1,2,2,2,2,4,2,1,2,1,2,1,2,2,1,33
20/11/2023 04:06,20/11/2023 04:07,0,100,71,1,20/11/2023 04:07,R_2QWLqPVxPOR7Sb9,anonymous,EN,1,2,1,2,4,2,3,3,2,1,2,3,3,3,6,4,1,2,1,42
20/11/2023 04:07,20/11/2023 04:08,0,100,73,1,20/11/2023 04:08,R_2CCzEGdH8BpuaDd,anonymous,EN,1,2,3,3,2,2,2,2,2,3,2,2,2,3,3,3,2,2,1,37
20/11/2023 04:07,20/11/2023 04:09,0,100,92,1,20/11/2023 04:09,R_1mPgDpTmEVOeVkl,anonymous,EN,1,1,2,1,2,1,2,2,2,1,2,3,1,2,1,3,5,3,1,27
20/11/2023 04:08,20/11/2023 04:09,0,100,50,1,20/11/2023 04:09,R_2AHjxXld72eODyM,anonymous,EN,2,3,3,4,2,2,2,2,2,2,2,2,3,2,2,2,2,2,1,37
20/11/2023 04:09,20/11/2023 04:10,0,100,66,1,20/11/2023 04:10,R_1MMWueUb8evFo24,anonymous,EN,1,1,1,2,2,2,2,3,3,1,5,2,2,2,2,2,2,1,6,33
20/11/2023 04:09,20/11/2023 04:10,0,100,57,1,20/11/2023 04:10,R_1gA4eHf5TBQN4jR,anonymous,EN,1,3,3,4,2,3,2,3,2,3,2,2,3,2,2,3,2,3,2,40
20/11/2023 04:10,20/11/2023 04:11,0,100,51,1,20/11/2023 04:11,R_6g8iX9iSWBOv9q9,anonymous,EN,2,4,3,4,3,3,2,1,2,3,4,1,2,2,1,2,3,3,2,39
20/11/2023 04:10,20/11/2023 04:11,0,100,53,1,20/11/2023 04:11,R_10Vs1IPORC7XdQW,anonymous,EN,2,4,4,5,2,2,2,1,2,2,1,2,2,2,2,2,2,2,2,37
20/11/2023 04:10,20/11/2023 04:11,0,100,66,1,20/11/2023 04:11,R_1eqUkBZ8VUTPAFl,anonymous,EN,1,2,1,2,2,1,2,2,1,1,2,1,1,4,4,1,4,3,1,28
20/11/2023 04:11,20/11/2023 04:12,0,100,40,1,20/11/2023 04:12,R_25sb0ei0b9WfQRI,anonymous,EN,2,2,2,4,3,2,3,3,2,1,3,1,2,3,3,3,4,2,1,39
20/11/2023 04:11,20/11/2023 04:12,0,100,55,1,20/11/2023 04:12,R_3JkIimW4AGq6h9O,anonymous,EN,2,2,3,4,2,2,2,2,2,3,2,2,2,1,4,2,2,2,2,37
20/11/2023 04:11,20/11/2023 04:12,0,100,45,1,20/11/2023 04:12,R_2YX89dEH4yb7Eyn,anonymous,EN,1,2,1,2,2,1,3,3,1,1,4,2,1,4,3,2,5,6,6,33
20/11/2023 04:12,20/11/2023 04:13,0,100,63,1,20/11/2023 04:13,R_2QQgJPyav7ITHgC,anonymous,EN,1,3,2,3,2,3,2,2,2,2,4,4,1,4,2,2,2,3,2,39
20/11/2023 04:12,20/11/2023 04:13,0,100,49,1,20/11/2023 04:13,R_3NRhumRA6fysjsq,anonymous,EN,2,2,2,3,1,1,2,6,3,3,2,2,1,3,2,2,1,2,7,37
20/11/2023 04:12,20/11/2023 04:13,0,100,60,1,20/11/2023 04:13,R_12DMc2ptcY9Exp3,anonymous,EN,2,3,4,5,2,2,2,2,2,2,2,2,2,2,2,3,2,2,3,39
20/11/2023 04:14,20/11/2023 04:15,0,100,42,1,20/11/2023 04:15,R_2OJwTqPnyzhQVJ2,anonymous,EN,1,2,2,3,2,3,3,2,4,2,3,2,3,3,3,1,2,1,3,39
20/11/2023 04:13,20/11/2023 04:15,0,100,112,1,20/11/2023 04:15,R_2urYQ6XAOEEK7JW,anonymous,EN,1,3,4,4,2,2,2,2,2,2,2,2,2,2,2,3,2,2,2,37
20/11/2023 04:13,20/11/2023 04:15,0,100,136,1,20/11/2023 04:15,R_3O9sCedjpBwv0PF,anonymous,EN,2,2,1,1,4,2,3,1,1,2,2,4,2,2,1,1,3,,2,31
20/11/2023 04:15,20/11/2023 04:16,0,100,56,1,20/11/2023 04:16,R_2BkQgJIdLgCIpPw,anonymous,EN,1,2,4,4,3,3,4,3,2,1,2,5,4,2,2,1,4,2,3,43
20/11/2023 04:15,20/11/2023 04:16,0,100,56,1,20/11/2023 04:16,R_3Op23RcYdZWqSbI,anonymous,EN,2,3,3,4,2,2,2,1,2,2,2,2,2,2,1,2,2,3,3,34
20/11/2023 04:16,20/11/2023 04:17,0,100,48,1,20/11/2023 04:17,R_7PozM3S5kJ3vEnT,anonymous,EN,1,2,3,5,1,2,2,1,1,2,2,2,2,2,2,2,2,2,2,32
20/11/2023 04:15,20/11/2023 04:17,0,100,102,1,20/11/2023 04:17,R_1P4ZmXg0ymhh4t3,anonymous,EN,1,2,2,1,3,1,5,1,1,2,2,1,3,4,1,3,1,2,3,33
20/11/2023 04:17,20/11/2023 04:18,0,100,56,1,20/11/2023 04:18,R_2xEtgO8X9Ia5Xhi,anonymous,EN,1,3,4,4,2,2,3,2,1,3,4,2,3,3,3,2,3,3,4,42
20/11/2023 04:18,20/11/2023 04:19,0,100,43,1,20/11/2023 04:19,R_2YmjcahdWLc2Mrt,anonymous,EN,1,2,4,4,3,3,4,1,2,2,2,3,3,3,4,1,2,1,2,42
20/11/2023 04:17,20/11/2023 04:19,0,100,109,1,20/11/2023 04:19,R_8wwTQMqMFwAaQXT,anonymous,EN,2,2,4,4,2,2,2,2,2,1,2,1,2,2,2,1,2,2,2,33
20/11/2023 04:19,20/11/2023 04:20,0,100,60,1,20/11/2023 04:20,R_1LFh3JNU2A5SfZG,anonymous,EN,2,1,1,1,2,2,2,3,2,3,2,2,1,1,1,2,2,2,2,28
20/11/2023 04:17,20/11/2023 04:20,0,100,192,1,20/11/2023 04:20,R_2dlJUbjBHo8M0wT,anonymous,EN,3,2,2,1,2,3,2,2,2,1,2,1,3,4,1,1,3,1,1,32
20/11/2023 04:20,20/11/2023 04:21,0,100,57,1,20/11/2023 04:21,R_3r32AqUAuJIa6mN,anonymous,EN,1,2,3,4,2,2,2,2,3,3,2,4,4,2,2,2,2,2,2,40
20/11/2023 04:21,20/11/2023 04:22,0,100,46,1,20/11/2023 04:22,R_1in8rp8ncPMT5mc,anonymous,EN,1,2,3,4,2,2,2,1,1,2,2,2,1,2,2,1,2,2,1,30
20/11/2023 04:21,20/11/2023 04:22,0,100,86,1,20/11/2023 04:22,R_2R1Wstle2Uf0a8r,anonymous,EN,3,2,2,1,3,1,2,3,1,2,2,1,3,3,1,1,3,2,1,31
20/11/2023 04:19,20/11/2023 04:22,0,100,183,1,20/11/2023 04:23,R_AanZJ3JqOa3Z0kx,anonymous,EN,1,2,3,3,2,3,3,3,3,2,3,3,2,2,3,3,2,3,2,41
20/11/2023 04:22,20/11/2023 04:23,0,100,81,1,20/11/2023 04:23,R_3eeNfQpELBICwvX,anonymous,EN,1,4,4,4,2,1,2,2,2,2,1,2,2,2,2,3,2,2,2,36
20/11/2023 04:23,20/11/2023 04:24,0,100,57,1,20/11/2023 04:24,R_110kKBf6Xnv0Khu,anonymous,EN,1,3,3,4,1,2,2,2,2,1,2,2,1,2,2,2,2,2,2,32
20/11/2023 04:22,20/11/2023 04:24,0,100,121,1,20/11/2023 04:24,R_2QlLyPkrgQswYTR,anonymous,EN,2,2,2,2,4,3,3,2,1,1,3,1,2,3,1,1,2,7,3,33
20/11/2023 04:24,20/11/2023 04:25,0,100,66,1,20/11/2023 04:25,R_W6zpWeAeQ75lJx7,anonymous,EN,1,2,4,5,2,3,2,2,1,2,2,2,1,1,2,1,2,2,2,33
20/11/2023 04:24,20/11/2023 04:26,0,100,108,1,20/11/2023 04:26,R_2ccKNV4L2FJaiRZ,anonymous,EN,1,1,1,2,2,1,3,3,2,2,3,2,1,2,2,1,3,3,3,29
20/11/2023 04:25,20/11/2023 04:26,0,100,68,1,20/11/2023 04:26,R_1jjnlkHTHPejxzO,anonymous,EN,1,3,4,4,2,2,2,2,4,4,2,1,2,2,2,1,2,2,1,38
20/11/2023 04:25,20/11/2023 04:26,0,100,57,1,20/11/2023 04:26,R_2ypfDpx37fyU4cs,anonymous,EN,1,4,4,4,3,1,2,2,2,2,2,1,1,2,1,3,1,2,1,35
20/11/2023 04:26,20/11/2023 04:27,0,100,68,1,20/11/2023 04:27,R_12lqOIcpvU7GcME,anonymous,EN,2,1,1,1,2,1,2,2,3,1,1,1,3,3,3,1,3,2,1,28
20/11/2023 04:26,20/11/2023 04:27,0,100,56,1,20/11/2023 04:27,R_1Ehd0fSqJWebtMf,anonymous,EN,1,2,3,5,2,2,2,2,2,1,2,2,2,2,3,2,2,2,2,35
20/11/2023 04:27,20/11/2023 04:29,0,100,79,1,20/11/2023 04:29,R_O6wLOQ8372ZAHtv,anonymous,EN,2,3,4,5,2,1,2,2,3,3,2,2,2,2,3,3,2,2,2,41
20/11/2023 04:27,20/11/2023 04:29,0,100,100,1,20/11/2023 04:29,R_3g0n8IK8ganSy8L,anonymous,EN,2,2,3,4,2,1,3,3,1,2,2,3,2,3,2,1,3,4,2,36
20/11/2023 04:28,20/11/2023 04:29,0,100,97,1,20/11/2023 04:29,R_5gXryVTeDPWRYxX,anonymous,EN,1,2,2,2,2,1,1,1,1,1,3,1,2,1,2,2,1,2,1,25
20/11/2023 04:29,20/11/2023 04:30,0,100,52,1,20/11/2023 04:30,R_1dHtTDvdKK82git,anonymous,EN,1,2,3,4,2,2,2,2,1,1,2,2,1,2,2,2,2,1,2,31
20/11/2023 04:30,20/11/2023 04:30,0,100,50,1,20/11/2023 04:30,R_3KqMccm2ctHKoyk,anonymous,EN,1,2,3,4,2,2,2,2,2,2,2,1,1,2,2,1,1,1,2,31
20/11/2023 04:31,20/11/2023 04:31,0,100,47,1,20/11/2023 04:31,R_2zisVaS0yfGi08A,anonymous,EN,2,3,4,5,2,2,2,2,3,2,2,1,1,2,2,2,2,2,2,37
20/11/2023 04:30,20/11/2023 04:31,0,100,97,1,20/11/2023 04:31,R_T279S1MpUXmbJ6N,anonymous,EN,2,1,2,3,2,1,1,1,2,3,1,2,1,2,1,1,2,2,1,26
20/11/2023 04:29,20/11/2023 04:32,0,100,196,1,20/11/2023 04:32,R_ST5EwE3OL2lWzJf,anonymous,EN,3,3,2,3,2,2,3,3,1,3,5,3,2,3,4,5,3,1,2,47
20/11/2023 04:31,20/11/2023 04:33,0,100,76,1,20/11/2023 04:33,R_x42IPoIBXJBNXtD,anonymous,EN,1,2,2,3,2,1,2,2,2,2,2,1,2,2,2,2,2,1,2,30
20/11/2023 04:32,20/11/2023 04:33,0,100,88,1,20/11/2023 04:33,R_RlvoW3XBPn1DHDH,anonymous,EN,1,2,2,2,2,1,1,2,2,1,1,1,2,2,2,2,3,3,1,26
20/11/2023 04:33,20/11/2023 04:33,0,100,47,1,20/11/2023 04:33,R_UW3stvh9sKmsFeV,anonymous,EN,1,4,4,4,2,4,2,3,3,2,2,2,3,3,3,2,2,3,1,44
20/11/2023 04:33,20/11/2023 04:34,0,100,37,1,20/11/2023 04:34,R_29nBm1btB1TDbaP,anonymous,EN,1,2,3,3,2,5,2,2,1,1,2,3,2,3,3,2,3,1,1,37
20/11/2023 04:33,20/11/2023 04:34,0,100,65,1,20/11/2023 04:34,R_00qurOakPYneiRz,anonymous,EN,1,3,4,5,2,2,2,2,3,3,2,1,2,1,2,2,2,2,2,37
20/11/2023 04:33,20/11/2023 04:34,0,100,37,1,20/11/2023 04:34,R_RrGJsNy8peZy3Sx,anonymous,EN,2,3,3,3,2,3,3,3,2,1,2,1,2,2,1,1,3,2,3,34
20/11/2023 04:34,20/11/2023 04:34,0,100,37,1,20/11/2023 04:34,R_1Dqep9LEngTYYGK,anonymous,EN,1,2,,1,2,1,3,3,2,3,3,1,1,3,1,1,3,1,6,28
20/11/2023 04:34,20/11/2023 04:35,0,100,43,1,20/11/2023 04:35,R_3pKZHT0YfJXl7WN,anonymous,EN,1,2,2,3,2,3,3,4,2,3,2,3,3,2,2,4,3,2,3,41
20/11/2023 04:34,20/11/2023 04:35,0,100,61,1,20/11/2023 04:35,R_28RPsGJOmmyQJDI,anonymous,EN,1,2,3,3,2,2,2,2,2,3,2,1,2,2,2,2,2,2,2,33
20/11/2023 04:34,20/11/2023 04:35,0,100,53,1,20/11/2023 04:35,R_3iPeQvTcqK1KrIu,anonymous,EN,2,2,2,2,7,2,2,1,1,1,2,3,,2,7,3,3,3,1,39
20/11/2023 04:35,20/11/2023 04:36,0,100,46,1,20/11/2023 04:36,R_1gCm9TaenxjWsns,anonymous,EN,1,2,4,,2,3,2,2,2,3,2,2,1,2,2,1,2,2,1,31
20/11/2023 04:35,20/11/2023 04:36,0,100,65,1,20/11/2023 04:36,R_0qS6pjTYgjGcdTr,anonymous,EN,2,2,2,3,3,2,3,1,2,1,2,1,3,2,2,3,3,5,3,34
20/11/2023 04:35,20/11/2023 04:36,0,100,52,1,20/11/2023 04:36,R_vwyfi9Rl1UlPBTz,anonymous,EN,1,2,3,2,3,1,3,2,2,2,3,1,1,2,4,2,2,3,2,34
20/11/2023 04:36,20/11/2023 04:37,0,100,40,1,20/11/2023 04:37,R_3fSFLNQ5iXNYTRN,anonymous,EN,1,4,4,4,3,2,3,4,2,3,3,3,4,3,2,1,3,2,1,46
20/11/2023 04:36,20/11/2023 04:37,0,100,38,1,20/11/2023 04:37,R_10uumYREelnsosz,anonymous,EN,3,3,3,2,2,1,3,2,1,2,2,1,1,2,2,1,3,1,1,31
20/11/2023 04:36,20/11/2023 04:38,0,100,122,1,20/11/2023 04:38,R_2htj9ZBemUEic3D,anonymous,EN,1,2,3,2,3,2,1,2,3,1,2,1,1,2,1,1,1,3,2,28
20/11/2023 04:37,20/11/2023 04:38,0,100,48,1,20/11/2023 04:38,R_2P71n7kM67gMVBJ,anonymous,EN,1,2,1,1,1,1,2,3,5,1,2,2,1,3,3,2,4,4,4,31
20/11/2023 04:37,20/11/2023 04:39,0,100,100,1,20/11/2023 04:39,R_22JnanzzUNnto0x,anonymous,EN,2,1,1,1,1,2,2,1,2,2,2,2,4,3,3,1,2,1,2,30
20/11/2023 04:38,20/11/2023 04:39,0,100,45,1,20/11/2023 04:39,R_1LeggEzCptL6oFK,anonymous,EN,2,2,1,1,1,1,1,1,1,5,2,1,2,2,5,2,2,1,2,30
20/11/2023 04:38,20/11/2023 04:39,0,100,79,1,20/11/2023 04:39,R_2V4Kl69rx2GXdEk,anonymous,EN,1,3,4,5,1,2,2,2,1,2,1,2,2,2,2,1,2,2,2,33
20/11/2023 04:39,20/11/2023 04:39,0,100,44,1,20/11/2023 04:39,R_2YtSHxt52EM78WG,anonymous,EN,3,3,2,3,2,1,3,3,1,4,3,1,1,2,1,1,2,2,1,34
20/11/2023 04:39,20/11/2023 04:40,0,100,61,1,20/11/2023 04:40,R_1JISMZXggunQ0Ob,anonymous,EN,3,4,2,4,2,2,1,2,2,3,1,3,2,2,3,1,3,2,2,37
20/11/2023 04:40,20/11/2023 04:41,0,100,54,1,20/11/2023 04:41,R_3X9vLmqmsCWsoJX,anonymous,EN,2,2,4,3,2,3,3,3,2,4,2,3,4,2,1,3,2,2,3,43
20/11/2023 04:40,20/11/2023 04:41,0,100,59,1,20/11/2023 04:41,R_2whIZ88CZGLXxwS,anonymous,EN,2,1,1,1,1,5,2,2,1,2,2,2,4,1,5,6,1,2,7,38
20/11/2023 04:41,20/11/2023 04:41,0,100,38,1,20/11/2023 04:41,R_339ZnLtL0lmSMzz,anonymous,EN,1,1,2,2,1,1,3,4,2,7,2,1,2,3,3,2,5,3,2,37
20/11/2023 04:41,20/11/2023 04:42,0,100,46,1,20/11/2023 04:42,R_110WOPDWZB00BFd,anonymous,EN,1,3,3,3,2,3,2,3,1,2,3,2,3,1,3,2,2,3,1,37
20/11/2023 04:41,20/11/2023 04:42,0,100,40,1,20/11/2023 04:42,R_2YxHIbbf7uZHN4V,anonymous,EN,1,2,2,2,3,2,2,3,2,1,2,2,2,2,1,2,3,4,5,31
20/11/2023 04:40,20/11/2023 04:43,0,100,229,1,20/11/2023 04:43,R_2q92dqAqljGPefq,anonymous,EN,1,2,3,3,1,2,2,2,2,3,2,2,1,1,2,1,2,1,2,30
20/11/2023 04:42,20/11/2023 04:44,0,100,83,1,20/11/2023 04:44,R_22GseIgNm1d31RN,anonymous,EN,1,2,1,1,1,1,2,3,4,6,2,1,3,3,3,4,5,5,7,38
20/11/2023 04:44,20/11/2023 04:44,0,100,36,1,20/11/2023 04:44,R_1GvGfAIJHp9QKLT,anonymous,EN,3,1,2,3,2,1,4,3,1,3,3,2,1,4,2,5,4,2,1,40
20/11/2023 04:43,20/11/2023 04:44,0,100,91,1,20/11/2023 04:44,R_1k09T13yODmcgsA,anonymous,EN,4,3,2,4,2,1,2,5,4,2,1,2,3,2,3,2,3,3,2,42
20/11/2023 04:45,20/11/2023 04:45,0,100,47,1,20/11/2023 04:45,R_erI0yF6anDcGzQd,anonymous,EN,2,2,3,1,2,2,1,2,7,5,2,1,2,3,2,1,2,2,3,38
20/11/2023 04:43,20/11/2023 04:45,0,100,123,1,20/11/2023 04:45,R_2zcD3KuGVl3q2HN,anonymous,EN,1,2,3,3,1,2,2,2,3,2,1,1,1,2,1,1,2,2,1,28
20/11/2023 04:45,20/11/2023 04:46,0,100,45,1,20/11/2023 04:46,R_1zD5PUxsNhI8jYd,anonymous,EN,4,2,2,4,3,2,3,3,3,2,3,2,3,3,1,2,2,2,3,42
20/11/2023 04:45,20/11/2023 04:46,0,100,41,1,20/11/2023 04:46,R_3P7Q6b7IihrdFpf,anonymous,EN,1,2,1,1,2,7,7,3,1,2,3,1,2,3,1,1,5,5,4,38
20/11/2023 04:46,20/11/2023 04:47,0,100,35,1,20/11/2023 04:47,R_1HQ5jVY7A00JaOB,anonymous,EN,2,2,2,2,3,1,2,3,2,4,3,2,1,2,1,1,3,4,5,33
20/11/2023 04:46,20/11/2023 04:47,0,100,70,1,20/11/2023 04:47,R_2YnfApqOh82Afad,anonymous,EN,2,2,2,4,2,1,3,3,2,1,2,3,2,2,3,3,3,3,2,37
20/11/2023 04:47,20/11/2023 04:48,0,100,99,1,20/11/2023 04:48,R_3CEjh5B7qDLptUt,anonymous,EN,1,4,2,1,1,1,1,1,2,1,1,1,2,2,1,1,2,2,1,23
20/11/2023 04:48,20/11/2023 04:49,0,100,65,1,20/11/2023 04:49,R_9tRvWE4MVgLM3QJ,anonymous,EN,1,4,3,4,3,2,3,3,2,2,2,3,1,3,1,1,3,2,1,38
20/11/2023 04:46,20/11/2023 04:49,0,100,225,1,20/11/2023 04:49,R_1PXYhdiKdWUnnX3,anonymous,EN,1,3,3,4,2,2,2,2,1,6,1,2,2,2,2,2,2,2,2,37
20/11/2023 04:49,20/11/2023 04:49,0,100,45,1,20/11/2023 04:49,R_1QEj5Vsf5BlBpXo,anonymous,EN,1,1,1,1,3,1,2,3,1,1,2,1,1,2,1,2,4,2,2,24
20/11/2023 04:49,20/11/2023 04:50,0,100,48,1,20/11/2023 04:50,R_OrpKMbDIX7jJenf,anonymous,EN,3,2,1,1,3,1,1,3,5,5,4,1,2,3,1,2,4,5,3,38
20/11/2023 04:50,20/11/2023 04:51,0,100,48,1,20/11/2023 04:51,R_2tDscKfc3Nr8KG9,anonymous,EN,2,2,1,1,2,1,2,1,1,1,2,1,2,3,2,1,3,2,1,25
20/11/2023 04:51,20/11/2023 04:52,0,100,47,1,20/11/2023 04:52,R_33D8JdszR4TMeDb,anonymous,EN,2,1,1,1,2,1,2,2,1,1,2,1,1,3,1,3,3,3,1,25
20/11/2023 04:51,20/11/2023 04:52,0,100,58,1,20/11/2023 04:52,R_3NIAztFueIRK9K7,anonymous,EN,1,2,2,3,2,2,3,1,3,3,2,1,3,3,3,1,1,2,1,35
20/11/2023 04:52,20/11/2023 04:53,0,100,40,1,20/11/2023 04:53,R_6VZo2pgYVPKSwNj,anonymous,EN,2,4,4,4,2,2,6,2,1,2,2,1,4,5,2,5,3,1,1,48
20/11/2023 04:49,20/11/2023 04:53,0,100,211,1,20/11/2023 04:53,R_2TLQjaR6SuaQenp,anonymous,EN,1,2,3,4,2,2,2,2,2,2,2,4,2,2,2,2,2,1,2,36
20/11/2023 04:52,20/11/2023 04:53,0,100,40,1,20/11/2023 04:53,R_3oz3OpzSbGUzRIS,anonymous,EN,1,2,3,4,2,3,3,2,3,3,2,3,3,3,3,3,3,3,1,43
20/11/2023 04:53,20/11/2023 04:54,0,100,61,1,20/11/2023 04:54,R_1Os0Ffx90ASbzpW,anonymous,EN,1,2,3,4,2,3,2,4,2,2,2,2,2,2,2,2,2,2,1,37
20/11/2023 04:54,20/11/2023 04:55,0,100,46,1,20/11/2023 04:55,R_3nJHRBb5q7T0HDT,anonymous,EN,1,1,2,2,1,1,2,3,1,1,3,1,1,2,1,2,3,2,1,25
20/11/2023 04:55,20/11/2023 04:55,0,100,46,1,20/11/2023 04:55,R_3flBaraRUzM7xng,anonymous,EN,3,2,3,2,3,2,3,3,2,1,2,2,1,2,1,2,3,3,4,34
20/11/2023 04:54,20/11/2023 04:55,0,100,71,1,20/11/2023 04:55,R_3suEYXxVLRPgSOR,anonymous,EN,1,2,4,5,2,2,2,2,1,2,2,1,2,2,1,1,2,3,2,32
20/11/2023 04:55,20/11/2023 04:55,0,100,33,1,20/11/2023 04:55,R_24N4bym8VD7k7mr,anonymous,EN,2,2,2,3,2,1,3,3,5,7,2,1,2,3,2,3,4,2,4,43
20/11/2023 04:55,20/11/2023 04:56,0,100,36,1,20/11/2023 04:56,R_1Hposa7pIabSlVw,anonymous,EN,3,3,2,2,2,1,2,2,5,6,1,1,2,1,3,1,3,3,3,37
20/11/2023 04:55,20/11/2023 04:56,0,100,48,1,20/11/2023 04:56,R_1Ibb5j6G9YRLzka,anonymous,EN,3,2,3,3,2,2,3,3,3,3,3,4,5,2,2,2,3,2,4,45
20/11/2023 04:55,20/11/2023 04:57,0,100,70,1,20/11/2023 04:57,R_3dPW6gfP4TSGS4H,anonymous,EN,1,2,2,3,2,2,2,1,2,2,1,2,1,2,2,2,2,1,1,29
20/11/2023 04:56,20/11/2023 04:57,0,100,40,1,20/11/2023 04:57,R_zZkvZN5kA7Wdsfn,anonymous,EN,2,2,3,4,4,1,3,3,2,1,2,1,1,3,2,1,4,3,2,35
20/11/2023 04:57,20/11/2023 04:58,0,100,53,1,20/11/2023 04:58,R_vubr0XBvNuKIVpf,anonymous,EN,1,1,1,1,3,2,4,3,3,2,2,1,1,2,1,1,3,1,1,29
20/11/2023 04:57,20/11/2023 04:58,0,100,97,1,20/11/2023 04:58,R_2Cy3d5oeoAEWkAV,anonymous,EN,1,2,3,4,2,2,2,2,2,1,2,2,2,2,1,2,2,2,2,32
20/11/2023 04:58,20/11/2023 04:59,0,100,50,1,20/11/2023 04:59,R_1QAac4l59zh5FmV,anonymous,EN,1,1,1,2,1,1,1,2,2,2,2,2,3,3,2,1,3,2,3,27
20/11/2023 04:59,20/11/2023 04:59,0,100,36,1,20/11/2023 04:59,R_3ml8JrbzgQku6pR,anonymous,EN,1,2,3,3,3,2,2,4,1,1,3,2,1,3,2,4,4,6,3,37
20/11/2023 04:58,20/11/2023 05:00,0,100,87,1,20/11/2023 05:00,R_12DZvg9zpB8YUOV,anonymous,EN,1,2,3,2,1,2,2,4,1,2,2,2,2,2,2,2,2,2,2,32
20/11/2023 05:00,20/11/2023 05:01,0,100,61,1,20/11/2023 05:01,R_2wiwVw5DtldYlvE,anonymous,EN,1,2,3,4,2,2,2,4,2,3,4,2,2,4,2,2,2,3,2,41
20/11/2023 04:57,20/11/2023 05:01,0,100,220,1,20/11/2023 05:01,R_2aV4oVQaPhugMzD,anonymous,EN,1,4,4,4,2,1,3,4,2,3,3,3,4,3,2,3,2,3,4,46
20/11/2023 05:01,20/11/2023 05:02,0,100,53,1,20/11/2023 05:02,R_1OB08bPWHeARaNC,anonymous,EN,1,2,2,3,1,2,2,2,3,2,2,3,2,2,2,2,2,3,2,33
